{
    "base_link": [],
    "link_14.0": [
        [
            0,
            0,
            0.257
        ]
    ],
    "link_15.0": [
        [
            0,
            0,
            0.02115
        ]
    ],
    "link_15.0_tip": [
        [
            0,
            0,
            0
        ]
    ],
    "link_9.0": [
        [
            0,
            0,
            0.027
        ]
    ],
    "link_10.0": [
        [
            0,
            0,
            0.0192
        ]
    ],
    "link_11.0": [
        [
            0,
            0,
            0.01335
        ]
    ],
    "link_11.0_tip": [
        [
            0,
            0,
            0
        ]
    ],
    "link_5.0": [
        [
            0,
            0,
            0.027
        ]
    ],
    "link_6.0": [
        [
            0,
            0,
            0.0192
        ]
    ],
    "link_7.0": [
        [
            0,
            0,
            0.01335
        ]
    ],
    "link_7.0_tip": [
        [
            0,
            0,
            0
        ]
    ],
    "link_1.0": [
        [
            0,
            0,
            0.027
        ]
    ],
    "link_2.0": [
        [
            0,
            0,
            0.0192
        ]
    ],
    "link_3.0": [
        [
            0,
            0,
            0.01335
        ]
    ],
    "link_3.0_tip": [
        [
            0,
            0,
            0
        ]
    ]
}